name_old,name_modern,year_old,year_modern,match_probability
Cherokee Parks,Cherokee Parks,1996,1997,0.9996398708036508
Fred Roberts,Fred Roberts,1996,1997,0.9996398708036508
Kevin Willis,Kevin Willis,1996,1997,0.9996398708036508
Chris Mullin,Chris Mullin,1996,1997,0.9996398708036508
Detlef Schrempf,Detlef Schrempf,1996,1997,0.9996398708036508
Rafael Addison,Rafael Addison,1996,1997,0.9996398708036508
Nate McMillan,Nate McMillan,1996,1997,0.9996398708036508
Dennis Rodman,Dennis Rodman,1996,1997,0.9996398708036508
David Wingate,David Wingate,1996,1997,0.9996398708036508
Kevin Gamble,Kevin Gamble,1996,1997,0.9996398708036508
Mark Bryant,Mark Bryant,1996,1997,0.9996398708036508
Gary Grant,Gary Grant,1996,1997,0.9996398708036508
Antonio McDyess,Antonio McDyess,1996,1997,0.9996398708036508
Terry Mills,Terry Mills,1996,1997,0.9996398708036508
Henry James,Henry James,1996,1997,0.9996398708036508
Greg Foster,Greg Foster,1996,1997,0.9996398708036508
Clifford Robinson,Clifford Robinson,1996,1997,0.9996398708036508
Jack Haley,Jack Haley,1996,1997,0.9996398708036508
Horace Grant,Horace Grant,1996,1997,0.9996398708036508
Arvydas Sabonis,Arvydas Sabonis,1996,1997,0.9996398708036508
Anthony Goldwire,Anthony Goldwire,1996,1997,0.9996398708036508
Randolph Childress,Randolph Childress,1996,1997,0.9996398708036508
Cory Alexander,Cory Alexander,1996,1997,0.9996398708036508
Glenn Robinson,Glenn Robinson,1996,1997,0.9996398708036508
Wesley Person,Wesley Person,1996,1997,0.9996398708036508
Brooks Thompson,Brooks Thompson,1996,1997,0.9996398708036508
Dickey Simpkins,Dickey Simpkins,1996,1997,0.9996398708036508
Greg Minor,Greg Minor,1996,1997,0.9996398708036508
Jim McIlvaine,Jim McIlvaine,1996,1997,0.9996398708036508
David Wesley,David Wesley,1996,1997,0.9996398708036508
James Robinson,James Robinson,1996,1997,0.9996398708036508
Stanley Roberts,Stanley Roberts,1996,1997,0.9996398708036508
Bobby Phills,Bobby Phills,1996,1997,0.9996398708036508
Dikembe Mutombo,Dikembe Mutombo,1996,1997,0.9996398708036508
Loy Vaught,Loy Vaught,1996,1997,0.9996398708036508
Steve Scheffler,Steve Scheffler,1996,1997,0.9996398708036508
Cedric Ceballos,Cedric Ceballos,1996,1997,0.9996398708036508
Jud Buechler,Jud Buechler,1996,1997,0.9996398708036508
Rumeal Robinson,Rumeal Robinson,1996,1997,0.9996398708036508
David Wood,David Wood,1996,1997,0.9996398708036508
Rod Strickland,Rod Strickland,1996,1997,0.9996398708036508
Danny Manning,Danny Manning,1996,1997,0.9996398708036508
Ken Norman,Ken Norman,1996,1997,0.9996398708036508
Patrick Ewing,Patrick Ewing,1996,1997,0.9996398708036508
Jerome Kersey,Jerome Kersey,1996,1997,0.9996398708036508
Michael Jordan,Michael Jordan,1996,1997,0.9996398708036508
Michael Cage,Michael Cage,1996,1997,0.9996398708036508
Eric Snow,Eric Snow,1996,1997,0.9996398708036508
Cuonzo Martin,Cuonzo Martin,1996,1997,0.9996398708036508
Frankie King,Frankie King,1996,1997,0.9996398708036508
Sharone Wright,Sharone Wright,1996,1997,0.9996398708036508
Mookie Blaylock,Mookie Blaylock,1996,1997,0.9996398708036508
B.J. Armstrong,B.J. Armstrong,1996,1997,0.9996398708036508
Vernon Maxwell,Vernon Maxwell,1996,1997,0.9996398708036508
Joe Dumars,Joe Dumars,1996,1997,0.9996398708036508
Benoit Benjamin,Benoit Benjamin,1996,1997,0.9996398708036508
Ricky Pierce,Ricky Pierce,1996,1997,0.9996398708036508
Herb Williams,Herb Williams,1996,1997,0.9996398708036508
Tyus Edney,Tyus Edney,1996,1997,0.9996398708036508
Darrick Martin,Darrick Martin,1996,1997,0.9996398708036508
Eddie Jones,Eddie Jones,1996,1997,0.9996398708036508
Sam Cassell,Sam Cassell,1996,1997,0.9996398708036508
Robert Pack,Robert Pack,1996,1997,0.9996398708036508
Chris Gatling,Chris Gatling,1996,1997,0.9996398708036508
Felton Spencer,Felton Spencer,1996,1997,0.9996398708036508
Buck Williams,Buck Williams,1996,1997,0.9996398708036508
Loren Meyer,Loren Meyer,1996,1997,0.9996398708036508
Žan Tabak,Zan Tabak,1996,1997,0.9996398708036508
Antonio Lang,Antonio Lang,1996,1997,0.9996398708036508
Jason Kidd,Jason Kidd,1996,1997,0.9996398708036508
Brent Price,Brent Price,1996,1997,0.9996398708036508
Shaquille O'Neal,Shaquille O'Neal,1996,1997,0.9996398708036508
Lee Mayberry,Lee Mayberry,1996,1997,0.9996398708036508
Eric Murdock,Eric Murdock,1996,1997,0.9996398708036508
Jayson Williams,Jayson Williams,1996,1997,0.9996398708036508
Tyrone Hill,Tyrone Hill,1996,1997,0.9996398708036508
Keith Askins,Keith Askins,1996,1997,0.9996398708036508
Shawn Kemp,Shawn Kemp,1996,1997,0.9996398708036508
Rick Mahorn,Rick Mahorn,1996,1997,0.9996398708036508
Rasheed Wallace,Rasheed Wallace,1996,1997,0.9996398708036508
Fred Hoiberg,Fred Hoiberg,1996,1997,0.9996398708036508
Sasha Danilović,Sasha Danilovic,1996,1997,0.9996398708036508
Clifford Rozier,Clifford Rozier,1996,1997,0.9996398708036508
Matt Fish,Matt Fish,1996,1997,0.9996398708036508
Nick Van Exel,Nick Van Exel,1996,1997,0.9996398708036508
Mitchell Butler,Mitchell Butler,1996,1997,0.9996398708036508
Latrell Sprewell,Latrell Sprewell,1996,1997,0.9996398708036508
Alonzo Mourning,Alonzo Mourning,1996,1997,0.9996398708036508
Terrell Brandon,Terrell Brandon,1996,1997,0.9996398708036508
Dennis Scott,Dennis Scott,1996,1997,0.9996398708036508
Derrick Coleman,Derrick Coleman,1996,1997,0.9996398708036508
Kenny Smith,Kenny Smith,1996,1997,0.9996398708036508
Bryon Russell,Bryon Russell,1996,1997,0.9996398708036508
Gheorghe Mureșan,Gheorghe Muresan,1996,1997,0.9996398708036508
Toni Kukoč,Toni Kukoc,1996,1997,0.9996398708036508
Popeye Jones,Popeye Jones,1996,1997,0.9996398708036508
Bobby Hurley,Bobby Hurley,1996,1997,0.9996398708036508
Antonio Harvey,Antonio Harvey,1996,1997,0.9996398708036508
Antonio Davis,Antonio Davis,1996,1997,0.9996398708036508
Scott Burrell,Scott Burrell,1996,1997,0.9996398708036508
Tracy Moore,Tracy Moore,1996,1997,0.9996398708036508
Mario Elie,Mario Elie,1996,1997,0.9996398708036508
Tim Hardaway,Tim Hardaway,1996,1997,0.9996398708036508
Steve Kerr,Steve Kerr,1996,1997,0.9996398708036508
Hersey Hawkins,Hersey Hawkins,1996,1997,0.9996398708036508
Harvey Grant,Harvey Grant,1996,1997,0.9996398708036508
Vinny Del Negro,Vinny Del Negro,1996,1997,0.9996398708036508
Tracy Murray,Tracy Murray,1996,1997,0.9996398708036508
Christian Laettner,Christian Laettner,1996,1997,0.9996398708036508
Adam Keefe,Adam Keefe,1996,1997,0.9996398708036508
Jim Jackson,Jim Jackson,1996,1997,0.9996398708036508
Jon Barry,Jon Barry,1996,1997,0.9996398708036508
Lionel Simmons,Lionel Simmons,1996,1997,0.9996398708036508
David Robinson,David Robinson,1996,1997,0.9996398708036508
Vlade Divac,Vlade Divac,1996,1997,0.9996398708036508
Kevin Edwards,Kevin Edwards,1996,1997,0.9996398708036508
Rex Chapman,Rex Chapman,1996,1997,0.9996398708036508
Derrick McKey,Derrick McKey,1996,1997,0.9996398708036508
Greg Anderson,Greg Anderson,1996,1997,0.9996398708036508
Jeff Hornacek,Jeff Hornacek,1996,1997,0.9996398708036508
Bill Wennington,Bill Wennington,1996,1997,0.9996398708036508
Dale Ellis,Dale Ellis,1996,1997,0.9996398708036508
LaSalle Thompson,LaSalle Thompson,1996,1997,0.9996398708036508
Clyde Drexler,Clyde Drexler,1996,1997,0.9996398708036508
George Zídek,George Zidek,1996,1997,0.9996398708036508
Lawrence Moten,Lawrence Moten,1996,1997,0.9996398708036508
Jamie Watson,Jamie Watson,1996,1997,0.9996398708036508
Carlos Rogers,Carlos Rogers,1996,1997,0.9996398708036508
Eric Mobley,Eric Mobley,1996,1997,0.9996398708036508
Keith Tower,Keith Tower,1996,1997,0.9996398708036508
Jamal Mashburn,Jamal Mashburn,1996,1997,0.9996398708036508
Greg Graham,Greg Graham,1996,1997,0.9996398708036508
Calbert Cheaney,Calbert Cheaney,1996,1997,0.9996398708036508
Lorenzo Williams,Lorenzo Williams,1996,1997,0.9996398708036508
Sean Rooks,Sean Rooks,1996,1997,0.9996398708036508
Doug Overton,Doug Overton,1996,1997,0.9996398708036508
Brent Barry,Brent Barry,1996,1997,0.9996398708036508
Charlie Ward,Charlie Ward,1996,1997,0.9996398708036508
Reggie Slater,Reggie Slater,1996,1997,0.9996398708036508
Anthony Miller,Anthony Miller,1996,1997,0.9996398708036508
Randy Brown,Randy Brown,1996,1997,0.9996398708036508
Tony Smith,Tony Smith,1996,1997,0.9996398708036508
Haywoode Workman,Haywoode Workman,1996,1997,0.9996398708036508
Michael Smith,Michael Smith,1996,1997,0.9996398708036508
Glen Rice,Glen Rice,1996,1997,0.9996398708036508
Sherman Douglas,Sherman Douglas,1996,1997,0.9996398708036508
Rony Seikaly,Rony Seikaly,1996,1997,0.9996398708036508
Reggie Williams,Reggie Williams,1996,1997,0.9996398708036508
Chris Dudley,Chris Dudley,1996,1997,0.9996398708036508
Muggsy Bogues,Muggsy Bogues,1996,1997,0.9996398708036508
Tim Kempton,Tim Kempton,1996,1997,0.9996398708036508
Mahmoud Abdul-Rauf,Mahmoud Abdul-Rauf,1996,1997,0.9996398708036508
Pervis Ellison,Pervis Ellison,1996,1997,0.9996398708036508
Chucky Brown,Chucky Brown,1996,1997,0.9996398708036508
Rik Smits,Rik Smits,1996,1997,0.9996398708036508
Mitch Richmond,Mitch Richmond,1996,1997,0.9996398708036508
Scottie Pippen,Scottie Pippen,1996,1997,0.9996398708036508
Reggie Miller,Reggie Miller,1996,1997,0.9996398708036508
Armen Gilliam,Armen Gilliam,1996,1997,0.9996398708036508
A.C. Green,A.C. Green,1996,1997,0.9996398708036508
Tyrone Corbin,Tyrone Corbin,1996,1997,0.9996398708036508
Sam Perkins,Sam Perkins,1996,1997,0.9996398708036508
Bob Sura,Bob Sura,1996,1997,0.9996398708036508
Lou Roe,Lou Roe,1996,1997,0.9996398708036508
Theo Ratliff,Theo Ratliff,1996,1997,0.9996398708036508
Craig Ehlo,Craig Ehlo,1996,1997,0.9996398708036508
Jalen Rose,Jalen Rose,1996,1997,0.9996398708036508
Eric Montross,Eric Montross,1996,1997,0.9996398708036508
Brian Grant,Brian Grant,1996,1997,0.9996398708036508
Elmer Bennett,Elmer Bennett,1996,1997,0.9996398708036508
Isaiah Rider,Isaiah Rider,1996,1997,0.9996398708036508
Anfernee Hardaway,Anfernee Hardaway,1996,1997,0.9996398708036508
Dell Demps,Dell Demps,1996,1997,0.9996398708036508
Terry Dehere,Terry Dehere,1996,1997,0.9996398708036508
Don MacLean,Don MacLean,1996,1997,0.9996398708036508
John Crotty,John Crotty,1996,1997,0.9996398708036508
Elliot Perry,Elliot Perry,1996,1997,0.9996398708036508
Stacey Augmon,Stacey Augmon,1996,1997,0.9996398708036508
Scott Williams,Scott Williams,1996,1997,0.9996398708036508
Voshon Lenard,Voshon Lenard,1996,1997,0.9996398708036508
Donnie Boyce,Donnie Boyce,1996,1997,0.9996398708036508
Yinka Dare,Yinka Dare,1996,1997,0.9996398708036508
George Lynch,George Lynch,1996,1997,0.9996398708036508
Walt Williams,Walt Williams,1996,1997,0.9996398708036508
Tom Gugliotta,Tom Gugliotta,1996,1997,0.9996398708036508
Gary Payton,Gary Payton,1996,1997,0.9996398708036508
Kendall Gill,Kendall Gill,1996,1997,0.9996398708036508
Avery Johnson,Avery Johnson,1996,1997,0.9996398708036508
Duane Ferrell,Duane Ferrell,1996,1997,0.9996398708036508
Scott Brooks,Scott Brooks,1996,1997,0.9996398708036508
Wayman Tisdale,Wayman Tisdale,1996,1997,0.9996398708036508
Charles Barkley,Charles Barkley,1996,1997,0.9996398708036508
Šarūnas Marčiulionis,Sarunas Marciulionis,1996,1997,0.9996398708036508
Stacey King,Stacey King,1996,1997,0.9996398708036508
Adrian Caldwell,Adrian Caldwell,1996,1997,0.9996398708036508
Charles Smith,Charles Smith,1996,1997,0.9996398708036508
Dan Majerle,Dan Majerle,1996,1997,0.9996398708036508
Olden Polynice,Olden Polynice,1996,1997,0.9996398708036508
Vincent Askew,Vincent Askew,1996,1997,0.9996398708036508
Ron Harper,Ron Harper,1996,1997,0.9996398708036508
Karl Malone,Karl Malone,1996,1997,0.9996398708036508
Otis Thorpe,Otis Thorpe,1996,1997,0.9996398708036508
Byron Scott,Byron Scott,1996,1997,0.9996398708036508
Robert Parish,Robert Parish,1996,1997,0.9996398708036508
David Vaughn,David Vaughn,1996,1997,0.9996398708036508
Damon Stoudamire,Damon Stoudamire,1996,1997,0.9996398708036508
Ed O'Bannon,Ed O'Bannon,1996,1997,0.9996398708036508
Eddie Johnson,Eddie Johnson,1996,1997,0.9996398708036508
Joe Smith,Joe Smith,1996,1997,0.9996398708036508
Don Reid,Don Reid,1996,1997,0.9996398708036508
Bryant Reeves,Bryant Reeves,1996,1997,0.9996398708036508
Chris Carr,Chris Carr,1996,1997,0.9996398708036508
Melvin Booker,Melvin Booker,1996,1997,0.9996398708036508
Dontonio Wingfield,Dontonio Wingfield,1996,1997,0.9996398708036508
Khalid Reeves,Khalid Reeves,1996,1997,0.9996398708036508
Eric Piatkowski,Eric Piatkowski,1996,1997,0.9996398708036508
Juwan Howard,Juwan Howard,1996,1997,0.9996398708036508
Vin Baker,Vin Baker,1996,1997,0.9996398708036508
Dale Davis,Dale Davis,1996,1997,0.9996398708036508
Doug West,Doug West,1996,1997,0.9996398708036508
Mike Brown,Mike Brown,1996,1997,0.9996398708036508
Charles Oakley,Charles Oakley,1996,1997,0.9996398708036508
John Stockton,John Stockton,1996,1997,0.9996398708036508
Hakeem Olajuwon,Hakeem Olajuwon,1996,1997,0.9996398708036508
Antoine Carr,Antoine Carr,1996,1997,0.9996398708036508
Sedale Threatt,Sedale Threatt,1996,1997,0.9996398708036508
Derek Harper,Derek Harper,1996,1997,0.9996398708036508
Gary Trent,Gary Trent,1996,1997,0.9996398708036508
Greg Ostertag,Greg Ostertag,1996,1997,0.9996398708036508
Darrin Hancock,Darrin Hancock,1996,1997,0.9996398708036508
Chris Childs,Chris Childs,1996,1997,0.9996398708036508
Chris Mills,Chris Mills,1996,1997,0.9996398708036508
Ervin Johnson,Ervin Johnson,1996,1997,0.9996398708036508
Shawn Bradley,Shawn Bradley,1996,1997,0.9996398708036508
Elmore Spencer,Elmore Spencer,1996,1997,0.9996398708036508
Billy Owens,Billy Owens,1996,1997,0.9996398708036508
Rick Fox,Rick Fox,1996,1997,0.9996398708036508
Marty Conlon,Marty Conlon,1996,1997,0.9996398708036508
Pete Chilcutt,Pete Chilcutt,1996,1997,0.9996398708036508
Tony Massenburg,Tony Massenburg,1996,1997,0.9996398708036508
Danny Ferry,Danny Ferry,1996,1997,0.9996398708036508
Donald Royal,Donald Royal,1996,1997,0.9996398708036508
Dana Barros,Dana Barros,1996,1997,0.9996398708036508
Eric Leckner,Eric Leckner,1996,1997,0.9996398708036508
Willie Anderson,Willie Anderson,1996,1997,0.9996398708036508
Brad Lohaus,Brad Lohaus,1996,1997,0.9996398708036508
Mark Jackson,Mark Jackson,1996,1997,0.9996398708036508
Terry Porter,Terry Porter,1996,1997,0.9996398708036508
Joe Kleine,Joe Kleine,1996,1997,0.9996398708036508
Pooh Richardson,Pooh Richardson,1996,1997,0.9996398708036508
Sam Mitchell,Sam Mitchell,1996,1997,0.9996398708036508
Tim Legler,Tim Legler,1996,1997,0.9996398708036508
Tom Hammonds,Tom Hammonds,1996,1997,0.9996398708036508
Sean Elliott,Sean Elliott,1996,1997,0.9996398708036508
Mark Davis,Mark Davis,1996,1997,0.9996398708036508
Alton Lister,Alton Lister,1996,1997,0.9996398708036508
Shawn Respert,Shawn Respert,1996,1997,0.9996398708036508
Donny Marshall,Donny Marshall,1996,1997,0.9996398708036508
Jimmy King,Jimmy King,1996,1997,0.9996398708036508
Alan Henderson,Alan Henderson,1996,1997,0.9996398708036508
Michael Finley,Michael Finley,1996,1997,0.9996398708036508
Chris Whitney,Chris Whitney,1996,1997,0.9996398708036508
Terry Cummings,Terry Cummings,1996,1997,0.9996398708036508
Larry Johnson,Larry Johnson,1996,1997,0.9996398708036508
Martin Lewis,Martin Lewis,1996,1997,0.9996398708036508
Tony Dumas,Tony Dumas,1996,1997,0.9996398708036508
Chris Webber,Chris Webber,1996,1997,0.9996398708036508
Bo Outlaw,Bo Outlaw,1996,1997,0.9996398708036508
Lindsey Hunter,Lindsey Hunter,1996,1997,0.9996398708036508
Acie Earl,Acie Earl,1996,1997,0.9996398708036508
Corie Blount,Corie Blount,1996,1997,0.9996398708036508
Robert Werdann,Robert Werdann,1996,1997,0.9996398708036508
Sam Mack,Sam Mack,1996,1997,0.9996398708036508
Matt Geiger,Matt Geiger,1996,1997,0.9996398708036508
LaPhonso Ellis,LaPhonso Ellis,1996,1997,0.9996398708036508
Derek Strong,Derek Strong,1996,1997,0.9996398708036508
Greg Anthony,Greg Anthony,1996,1997,0.9996398708036508
Elden Campbell,Elden Campbell,1996,1997,0.9996398708036508
Matt Bullard,Matt Bullard,1996,1997,0.9996398708036508
Dee Brown,Dee Brown,1996,1997,0.9996398708036508
Anthony Mason,Anthony Mason,1996,1997,0.9996398708036508
Nick Anderson,Nick Anderson,1996,1997,0.9996398708036508
John Starks,John Starks,1996,1997,0.9996398708036508
Brian Shaw,Brian Shaw,1996,1997,0.9996398708036508
Grant Long,Grant Long,1996,1997,0.9996398708036508
Joe Wolf,Joe Wolf,1996,1997,0.9996398708036508
Kevin Johnson,Kevin Johnson,1996,1997,0.9996398708036508
Hot Rod Williams,Hot Rod Williams,1996,1997,0.9996398708036508
Johnny Newman,Johnny Newman,1996,1997,0.9996398708036508
Gerald Wilkins,Gerald Wilkins,1996,1997,0.9996398708036508
Frank Brickowski,Frank Brickowski,1996,1997,0.9996398708036508
Mark West,Mark West,1996,1997,0.9996398708036508
Kurt Thomas,Kurt Thomas,1996,1997,0.9996398708036508
Jerry Stackhouse,Jerry Stackhouse,1996,1997,0.9996398708036508
Andrew DeClercq,Andrew DeClercq,1996,1997,0.9996398708036508
Jason Caffey,Jason Caffey,1996,1997,0.9996398708036508
Ashraf Amaya,Ashraf Amaya,1996,1997,0.9996398708036508
Monty Williams,Monty Williams,1996,1997,0.9996398708036508
Lamond Murray,Lamond Murray,1996,1997,0.9996398708036508
Aaron McKie,Aaron McKie,1996,1997,0.9996398708036508
Donyell Marshall,Donyell Marshall,1996,1997,0.9996398708036508
Derrick Alston,Derrick Alston,1996,1997,0.9996398708036508
Rodney Rogers,Rodney Rogers,1996,1997,0.9996398708036508
Dino Radja,Dino Radja,1996,1997,0.9996398708036508
Doug Christie,Doug Christie,1996,1997,0.9996398708036508
Luc Longley,Luc Longley,1996,1997,0.9996398708036508
Malik Sealy,Malik Sealy,1996,1997,0.9996398708036508
Robert Horry,Robert Horry,1996,1997,0.9996398708036508
Hubert Davis,Hubert Davis,1996,1997,0.9996398708036508
Joe Courtney,Joe Courtney,1996,1997,0.9996398708036508
Kenny Anderson,Kenny Anderson,1996,1997,0.9996398708036508
Dwayne Schintzius,Dwayne Schintzius,1996,1997,0.9996398708036508
Bimbo Coles,Bimbo Coles,1996,1997,0.9996398708036508
Duane Causwell,Duane Causwell,1996,1997,0.9996398708036508
George McCloud,George McCloud,1996,1997,0.9996398708036508
Jaren Jackson,Jaren Jackson,1996,1997,0.9996398708036508
Andrew Lang,Andrew Lang,1996,1997,0.9996398708036508
Mark Price,Mark Price,1996,1997,0.9996398708036508
Eric Williams,Eric Williams,1996,1997,0.9996398708036508
Corliss Williamson,Corliss Williamson,1996,1997,0.9996398708036508
Blue Edwards,Blue Edwards,1996,1997,0.9996398708036508
Kevin Garnett,Kevin Garnett,1996,1997,0.9996398708036508
Travis Best,Travis Best,1996,1997,0.9996398708036508
Jerome Allen,Jerome Allen,1996,1997,0.9996398708036508
Grant Hill,Grant Hill,1996,1997,0.9996398708036508
Darrell Armstrong,Darrell Armstrong,1996,1997,0.9996398708036508
Lucious Harris,Lucious Harris,1996,1997,0.9996398708036508
Michael Curry,Michael Curry,1996,1997,0.9996398708036508
P.J. Brown,P.J. Brown,1996,1997,0.9996398708036508
Anthony Peeler,Anthony Peeler,1996,1997,0.9996398708036508
Todd Day,Todd Day,1996,1997,0.9996398708036508
Carl Herrera,Carl Herrera,1996,1997,0.9996398708036508
Bison Dele,Bison Dele,1996,1997,0.9996398708036508
Will Perdue,Will Perdue,1996,1997,0.9996398708036508
Chris Morris,Chris Morris,1996,1997,0.9996398708036508
Kevin Duckworth,Kevin Duckworth,1996,1997,0.9996398708036508
Dell Curry,Dell Curry,1996,1997,0.9996398708036508
Ed Pinckney,Ed Pinckney,1996,1997,0.9996398708036508
Eldridge Recasner,Eldridge Recasner,1996,1997,0.9996398708036508
Howard Eisley,Howard Eisley,1996,1997,0.9996398708036508
Rex Walters,Rex Walters,1996,1997,0.9996398708036508
Reggie Jordan,Reggie Jordan,1996,1997,0.9996398708036508
Allan Houston,Allan Houston,1996,1997,0.9996398708036508
Bryant Stith,Bryant Stith,1996,1997,0.9996398708036508
Oliver Miller,Oliver Miller,1996,1997,0.9996398708036508
Charles Jones,Charles Jones,1996,1997,0.999459903457743
Mark Macon,Mark Macon,1996,1999,0.8672199170124482
Xavier McDaniel,Xavier McDaniel,1995,1997,0.8672199170124482
Anthony Bowie,Anthony Bowie,1996,1998,0.8672199170124482
Gerald Madkins,Gerald Madkins,1995,1998,0.8672199170124482
Bill Curley,Bill Curley,1995,1998,0.8672199170124482
Ivano Newbill,Ivano Newbill,1995,1997,0.8672199170124482
Terry Davis,Terry Davis,1996,1998,0.8672199170124482
Anthony Avent,Anthony Avent,1996,1999,0.8672199170124482
Harold Ellis,Harold Ellis,1995,1998,0.8672199170124482
Tim Breaux,Tim Breaux,1996,1998,0.8672199170124482
Ennis Whatley,Ennis Whatley,1995,1997,0.8672199170124482
Tom Chambers,Tom Chambers,1995,1997,0.8672199170124482
Aaron Williams,Aaron Williams,1995,1997,0.8672199170124482
Dominique Wilkins,Dominique Wilkins,1995,1997,0.8672199170124482
Brian Oliver,Brian Oliver,1995,1998,0.8672199170124482
Stephen Howard,Stephen Howard,1994,1997,0.8672199170124482
Ledell Eackles,Ledell Eackles,1996,1998,0.8672199170124482
Spud Webb,Spud Webb,1996,1998,0.8672199170124482
Greg Dreiling,Greg Dreiling,1995,1997,0.8672199170124482
Larry Krystkowiak,Larry Krystkowiak,1995,1997,0.8672199170124482
Jeff Grayer,Jeff Grayer,1995,1997,0.8672199170124482
Willie Burton,Willie Burton,1995,1997,0.8672199170124482
Lloyd Daniels,Lloyd Daniels,1995,1997,0.8672199170124482
Corey Beck,Corey Beck,1996,1998,0.8672199170124482
Chris King,Chris King,1996,1999,0.8672199170124482
Sean Higgins,Sean Higgins,1996,1998,0.8672199170124482
David Benoit,David Benoit,1996,1998,0.8672199170124482
Mario Bennett,Mario Bennett,1996,1998,0.8672199170124482
Pete Myers,Pete Myers,1996,1998,0.8672199170124482
Jimmy Oliver,Jimmy Oliver,1994,1997,0.8672199170124482
Eric Riley,Eric Riley,1996,1998,0.8672199170124482
J.R. Reid,J.R. Reid,1996,1998,0.8672199170124482
John Coker,John Coker,1996,1999,0.8672199170124482
Chris Jent,Chris Jent,1994,1997,0.8672199170124482
Litterial Green,Litterial Green,1994,1997,0.8672199170124482
Larry Stewart,Larry Stewart,1995,1997,0.8672199170124482
Bob McCann,Bob McCann,1996,1998,0.8672199170124482
Chuck Person,Chuck Person,1996,1998,0.8672199170124482
Earl Cureton,Earl Cureton,1994,1997,0.8672199170124482
Steve Henson,Steve Henson,1995,1998,0.8672199170124482
Mark Strickland,Mark Strickland,1995,1997,0.8672199170124482
Micheal Williams,Micheal Williams,1996,1998,0.8672199170124482
Charles Jones,Charles R. Jones,1996,1999,0.8132295719844358
Andrew Gaze,Andrew Gaze,1994,1999,0.42355325377167297
Larry Robinson,Larry Robinson,1994,1998,0.42355325377167297
Thomas Hamilton,Thomas Hamilton,1996,2000,0.42355325377167297
John Amaechi,John Amaechi,1996,2000,0.42355325377167297
Adonis Jordan,Adonis Jordan,1994,1999,0.42355325377167297
Thurl Bailey,Thurl Bailey,1994,1999,0.42355325377167297
Fred Vinson,Fred Vinson,1995,2000,0.42355325377167297
Charles Shackleford,Charles Shackleford,1995,1999,0.42355325377167297
John Salley,John Salley,1996,2000,0.42355325377167297
Negele Knight,Negele Knight,1995,1999,0.42355325377167297
