old_player_id,modern_player_id,name_old,name_modern,year_old,year_modern,match_probability,manually_reviewed
masseto01,763,Tony Massenburg,Tony Massenburg,1996,1997,0.9996406545477413,False
buechju01,146,Jud Buechler,Jud Buechler,1996,1997,0.9996406545477413,False
westdo01,28,Doug West,Doug West,1996,1997,0.9996406545477413,False
royaldo01,140,Donald Royal,Donald Royal,1996,1997,0.9996406545477413,False
mccloge01,45,George McCloud,George McCloud,1996,1997,0.9996406545477413,False
masonan01,193,Anthony Mason,Anthony Mason,1996,1997,0.9996406545477413,False
wolfjo01,341,Joe Wolf,Joe Wolf,1996,1997,0.9996406545477413,False
kemptti01,1118,Tim Kempton,Tim Kempton,1996,1997,0.9996406545477413,False
greenac01,920,A.C. Green,A.C. Green,1996,1997,0.9996406545477413,False
montrer01,376,Eric Montross,Eric Montross,1996,1997,0.9996406545477413,False
mcilvji01,29,Jim McIlvaine,Jim McIlvaine,1996,1997,0.9996406545477413,False
armstda01,353,Darrell Armstrong,Darrell Armstrong,1996,1997,0.9996406545477413,False
campbel01,922,Elden Campbell,Elden Campbell,1996,1997,0.9996406545477413,False
woodda01,116,David Wood,David Wood,1996,1997,0.9996406545477413,False
stricro02,393,Rod Strickland,Rod Strickland,1996,1997,0.9996406545477413,False
morrich01,356,Chris Morris,Chris Morris,1996,1997,0.9996406545477413,False
anderwi01,335,Willie Anderson,Willie Anderson,1996,1997,0.9996406545477413,False
perkisa01,64,Sam Perkins,Sam Perkins,1996,1997,0.9996406545477413,False
cagemi01,262,Michael Cage,Michael Cage,1996,1997,0.9996406545477413,False
cummite01,187,Terry Cummings,Terry Cummings,1996,1997,0.9996406545477413,False
willier01,677,Eric Williams,Eric Williams,1996,1997,0.9996406545477413,False
willico02,722,Corliss Williamson,Corliss Williamson,1996,1997,0.9996406545477413,False
marshdo02,681,Donny Marshall,Donny Marshall,1996,1997,0.9996406545477413,False
hoibefr01,697,Fred Hoiberg,Fred Hoiberg,1996,1997,0.9996406545477413,False
snower01,727,Eric Snow,Eric Snow,1996,1997,0.9996406545477413,False
roelo01,691,Lou Roe,Lou Roe,1996,1997,0.9996406545477413,False
lenarvo01,702,Voshon Lenard,Voshon Lenard,1996,1997,0.9996406545477413,False
kingfr01,701,Frankie King,Frankie King,1996,1997,0.9996406545477413,False
hendeal01,673,Alan Henderson,Alan Henderson,1996,1997,0.9996406545477413,False
finlemi01,714,Michael Finley,Michael Finley,1996,1997,0.9996406545477413,False
danilsa01,390,Sasha Danilović,Sasha Danilovic,1996,1997,0.9996406545477413,False
whitnch01,43,Chris Whitney,Chris Whitney,1996,1997,0.9996406545477413,False
mashbja01,469,Jamal Mashburn,Jamal Mashburn,1996,1997,0.9996406545477413,False
werdaro01,438,Robert Werdann,Robert Werdann,1996,1997,0.9996406545477413,False
laettch01,363,Christian Laettner,Christian Laettner,1996,1997,0.9996406545477413,False
stronde01,400,Derek Strong,Derek Strong,1996,1997,0.9996406545477413,False
butlemi02,348,Mitchell Butler,Mitchell Butler,1996,1997,0.9996406545477413,False
overtdo01,77,Doug Overton,Doug Overton,1996,1997,0.9996406545477413,False
guglito01,339,Tom Gugliotta,Tom Gugliotta,1996,1997,0.9996406545477413,False
phillbo01,184,Bobby Phills,Bobby Phills,1996,1997,0.9996406545477413,False
robinru01,716,Rumeal Robinson,Rumeal Robinson,1996,1997,0.9996406545477413,False
colesbi01,902,Bimbo Coles,Bimbo Coles,1996,1997,0.9996406545477413,False
brownde01,244,Dee Brown,Dee Brown,1996,1997,0.9996406545477413,False
edwarbl01,898,Blue Edwards,Blue Edwards,1996,1997,0.9996406545477413,False
caldwad01,154,Adrian Caldwell,Adrian Caldwell,1996,1997,0.9996406545477413,False
millere01,397,Reggie Miller,Reggie Miller,1996,1997,0.9996406545477413,False
lohaubr01,38,Brad Lohaus,Brad Lohaus,1996,1997,0.9996406545477413,False
corbity01,895,Tyrone Corbin,Tyrone Corbin,1996,1997,0.9996406545477413,False
willike02,788,Kevin Willis,Kevin Willis,1996,1997,0.9996406545477413,False
trentga01,718,Gary Trent,Gary Trent,1996,1997,0.9996406545477413,False
mckeyde01,365,Derrick McKey,Derrick McKey,1996,1997,0.9996406545477413,False
askewvi01,355,Vincent Askew,Vincent Askew,1996,1997,0.9996406545477413,False
curryde01,209,Dell Curry,Dell Curry,1996,1997,0.9996406545477413,False
schrede01,96,Detlef Schrempf,Detlef Schrempf,1996,1997,0.9996406545477413,False
olajuha01,165,Hakeem Olajuwon,Hakeem Olajuwon,1996,1997,0.9996406545477413,False
carran01,156,Antoine Carr,Antoine Carr,1996,1997,0.9996406545477413,False
edneyty01,721,Tyus Edney,Tyus Edney,1996,1997,0.9996406545477413,False
alexaco01,724,Cory Alexander,Cory Alexander,1996,1997,0.9996406545477413,False
minorgr01,65,Greg Minor,Greg Minor,1996,1997,0.9996406545477413,False
millean01,292,Anthony Miller,Anthony Miller,1996,1997,0.9996406545477413,False
mckieaa01,243,Aaron McKie,Aaron McKie,1996,1997,0.9996406545477413,False
martida01,239,Darrick Martin,Darrick Martin,1996,1997,0.9996406545477413,False
jonesed02,224,Eddie Jones,Eddie Jones,1996,1997,0.9996406545477413,False
grantbr01,258,Brian Grant,Brian Grant,1996,1997,0.9996406545477413,False
cassesa01,208,Sam Cassell,Sam Cassell,1996,1997,0.9996406545477413,False
outlabo01,448,Bo Outlaw,Bo Outlaw,1996,1997,0.9996406545477413,False
lynchge01,248,George Lynch,George Lynch,1996,1997,0.9996406545477413,False
earlac01,768,Acie Earl,Acie Earl,1996,1997,0.9996406545477413,False
deherte01,143,Terry Dehere,Terry Dehere,1996,1997,0.9996406545477413,False
stithbr01,179,Bryant Stith,Bryant Stith,1996,1997,0.9996406545477413,False
jacksji01,754,Jim Jackson,Jim Jackson,1996,1997,0.9996406545477413,False
dayto01,103,Todd Day,Todd Day,1996,1997,0.9996406545477413,False
willisc01,281,Scott Williams,Scott Williams,1996,1997,0.9996406545477413,False
workmha01,906,Haywoode Workman,Haywoode Workman,1996,1997,0.9996406545477413,False
kingst01,351,Stacey King,Stacey King,1996,1997,0.9996406545477413,False
brownch01,359,Chucky Brown,Chucky Brown,1996,1997,0.9996406545477413,False
majerda01,105,Dan Majerle,Dan Majerle,1996,1997,0.9996406545477413,False
edwarke01,236,Kevin Edwards,Kevin Edwards,1996,1997,0.9996406545477413,False
willire01,199,Reggie Williams,Reggie Williams,1996,1997,0.9996406545477413,False
houstal01,275,Allan Houston,Allan Houston,1996,1997,0.9996406545477413,False
harrilu01,446,Lucious Harris,Lucious Harris,1996,1997,0.9996406545477413,False
milleol01,932,Oliver Miller,Oliver Miller,1996,1997,0.9996406545477413,False
owensbi01,182,Billy Owens,Billy Owens,1996,1997,0.9996406545477413,False
conloma01,55,Marty Conlon,Marty Conlon,1996,1997,0.9996406545477413,False
spencfe01,280,Felton Spencer,Felton Spencer,1996,1997,0.9996406545477413,False
blaylmo01,302,Mookie Blaylock,Mookie Blaylock,1996,1997,0.9996406545477413,False
starkjo01,317,John Starks,John Starks,1996,1997,0.9996406545477413,False
smitsri01,22,Rik Smits,Rik Smits,1996,1997,0.9996406545477413,False
haleyja01,917,Jack Haley,Jack Haley,1996,1997,0.9996406545477413,False
pricema01,899,Mark Price,Mark Price,1996,1997,0.9996406545477413,False
wennibi01,82,Bill Wennington,Bill Wennington,1996,1997,0.9996406545477413,False
brooksc01,418,Scott Brooks,Scott Brooks,1996,1997,0.9996406545477413,False
gilliar01,288,Armen Gilliam,Armen Gilliam,1996,1997,0.9996406545477413,False
gamblke01,333,Kevin Gamble,Kevin Gamble,1996,1997,0.9996406545477413,False
williho01,73,Hot Rod Williams,Hot Rod Williams,1996,1997,0.9996406545477413,False
malonka01,252,Karl Malone,Karl Malone,1996,1997,0.9996406545477413,False
piercri01,894,Ricky Pierce,Ricky Pierce,1996,1997,0.9996406545477413,False
stackje01,711,Jerry Stackhouse,Jerry Stackhouse,1996,1997,0.9996406545477413,False
ratlith01,689,Theo Ratliff,Theo Ratliff,1996,1997,0.9996406545477413,False
meyerlo01,684,Loren Meyer,Loren Meyer,1996,1997,0.9996406545477413,False
lewisma01,729,Martin Lewis,Martin Lewis,1996,1997,0.9996406545477413,False
caffeja01,679,Jason Caffey,Jason Caffey,1996,1997,0.9996406545477413,False
hancoda01,241,Darrin Hancock,Darrin Hancock,1996,1997,0.9996406545477413,False
rideris01,375,Isaiah Rider,Isaiah Rider,1996,1997,0.9996406545477413,False
rogerro01,915,Rodney Rogers,Rodney Rogers,1996,1997,0.9996406545477413,False
muresgh01,49,Gheorghe Mureșan,Gheorghe Muresan,1996,1997,0.9996406545477413,False
grahagr01,37,Greg Graham,Greg Graham,1996,1997,0.9996406545477413,False
davisan01,213,Antonio Davis,Antonio Davis,1996,1997,0.9996406545477413,False
cheanca01,384,Calbert Cheaney,Calbert Cheaney,1996,1997,0.9996406545477413,False
onealsh01,406,Shaquille O'Neal,Shaquille O'Neal,1996,1997,0.9996406545477413,False
herreca01,61,Carl Herrera,Carl Herrera,1996,1997,0.9996406545477413,False
paytoga01,56,Gary Payton,Gary Payton,1996,1997,0.9996406545477413,False
cebalce01,76,Cedric Ceballos,Cedric Ceballos,1996,1997,0.9996406545477413,False
abdulma02,51,Mahmoud Abdul-Rauf,Mahmoud Abdul-Rauf,1996,1997,0.9996406545477413,False
robincl02,361,Clifford Robinson,Clifford Robinson,1996,1997,0.9996406545477413,False
marcisa01,36,Šarūnas Marčiulionis,Sarunas Marciulionis,1996,1997,0.9996406545477413,False
kempsh01,431,Shawn Kemp,Shawn Kemp,1996,1997,0.9996406545477413,False
seikaro01,938,Rony Seikaly,Rony Seikaly,1996,1997,0.9996406545477413,False
delnevi01,219,Vinny Del Negro,Vinny Del Negro,1996,1997,0.9996406545477413,False
shawbr01,216,Brian Shaw,Brian Shaw,1996,1997,0.9996406545477413,False
mannida01,330,Danny Manning,Danny Manning,1996,1997,0.9996406545477413,False
langan01,457,Andrew Lang,Andrew Lang,1996,1997,0.9996406545477413,False
chapmre01,364,Rex Chapman,Rex Chapman,1996,1997,0.9996406545477413,False
wingada01,766,David Wingate,David Wingate,1996,1997,0.9996406545477413,False
mcmilna01,203,Nate McMillan,Nate McMillan,1996,1997,0.9996406545477413,False
harpede01,157,Derek Harper,Derek Harper,1996,1997,0.9996406545477413,False
drexlcl01,17,Clyde Drexler,Clyde Drexler,1996,1997,0.9996406545477413,False
mahorri01,328,Rick Mahorn,Rick Mahorn,1996,1997,0.9996406545477413,False
mcdyean01,686,Antonio McDyess,Antonio McDyess,1996,1997,0.9996406545477413,False
marticu01,733,Cuonzo Martin,Cuonzo Martin,1996,1997,0.9996406545477413,False
roseja01,147,Jalen Rose,Jalen Rose,1996,1997,0.9996406545477413,False
eisleho01,458,Howard Eisley,Howard Eisley,1996,1997,0.9996406545477413,False
waltere01,777,Rex Walters,Rex Walters,1996,1997,0.9996406545477413,False
russebr01,935,Bryon Russell,Bryon Russell,1996,1997,0.9996406545477413,False
recasel01,695,Eldridge Recasner,Eldridge Recasner,1996,1997,0.9996406545477413,False
wesleda01,133,David Wesley,David Wesley,1996,1997,0.9996406545477413,False
vanexni01,89,Nick Van Exel,Nick Van Exel,1996,1997,0.9996406545477413,False
jordare01,674,Reggie Jordan,Reggie Jordan,1996,1997,0.9996406545477413,False
johnser02,911,Ervin Johnson,Ervin Johnson,1996,1997,0.9996406545477413,False
hunteli01,283,Lindsey Hunter,Lindsey Hunter,1996,1997,0.9996406545477413,False
sprewla01,84,Latrell Sprewell,Latrell Sprewell,1996,1997,0.9996406545477413,False
sealyma01,907,Malik Sealy,Malik Sealy,1996,1997,0.9996406545477413,False
rooksse01,399,Sean Rooks,Sean Rooks,1996,1997,0.9996406545477413,False
ellisla01,111,LaPhonso Ellis,LaPhonso Ellis,1996,1997,0.9996406545477413,False
davishu01,93,Hubert Davis,Hubert Davis,1996,1997,0.9996406545477413,False
packro01,123,Robert Pack,Robert Pack,1996,1997,0.9996406545477413,False
hardati01,896,Tim Hardaway,Tim Hardaway,1996,1997,0.9996406545477413,False
hardaan01,358,Anfernee Hardaway,Anfernee Hardaway,1996,1997,0.9996406545477413,False
burresc01,197,Scott Burrell,Scott Burrell,1996,1997,0.9996406545477413,False
macledo01,931,Don MacLean,Don MacLean,1996,1997,0.9996406545477413,False
richapo01,71,Pooh Richardson,Pooh Richardson,1996,1997,0.9996406545477413,False
johnsav01,422,Avery Johnson,Avery Johnson,1996,1997,0.9996406545477413,False
ewingpa01,121,Patrick Ewing,Patrick Ewing,1996,1997,0.9996406545477413,False
stockjo01,304,John Stockton,John Stockton,1996,1997,0.9996406545477413,False
ehlocr01,378,Craig Ehlo,Craig Ehlo,1996,1997,0.9996406545477413,False
willibu01,433,Buck Williams,Buck Williams,1996,1997,0.9996406545477413,False
wallara01,739,Rasheed Wallace,Rasheed Wallace,1996,1997,0.9996406545477413,False
reevebr01,735,Bryant Reeves,Bryant Reeves,1996,1997,0.9996406545477413,False
parksch02,685,Cherokee Parks,Cherokee Parks,1996,1997,0.9996406545477413,False
robingl01,299,Glenn Robinson,Glenn Robinson,1996,1997,0.9996406545477413,False
tisdawa01,47,Wayman Tisdale,Wayman Tisdale,1996,1997,0.9996406545477413,False
kleinjo01,170,Joe Kleine,Joe Kleine,1996,1997,0.9996406545477413,False
listeal01,175,Alton Lister,Alton Lister,1996,1997,0.9996406545477413,False
surabo01,682,Bob Sura,Bob Sura,1996,1997,0.9996406545477413,False
sabonar01,717,Arvydas Sabonis,Arvydas Sabonis,1996,1997,0.9996406545477413,False
carrch01,713,Chris Carr,Chris Carr,1996,1997,0.9996406545477413,False
boycedo01,671,Donnie Boyce,Donnie Boyce,1996,1997,0.9996406545477413,False
watsoja01,320,Jamie Watson,Jamie Watson,1996,1997,0.9996406545477413,False
dumasto01,434,Tony Dumas,Tony Dumas,1996,1997,0.9996406545477413,False
dareyi01,212,Yinka Dare,Yinka Dare,1996,1997,0.9996406545477413,False
dempsde01,725,Dell Demps,Dell Demps,1996,1997,0.9996406545477413,False
pricebr01,85,Brent Price,Brent Price,1996,1997,0.9996406545477413,False
mournal01,297,Alonzo Mourning,Alonzo Mourning,1996,1997,0.9996406545477413,False
jacksma01,349,Mark Jackson,Mark Jackson,1996,1997,0.9996406545477413,False
boguemu01,177,Muggsy Bogues,Muggsy Bogues,1996,1997,0.9996406545477413,False
dumarjo01,247,Joe Dumars,Joe Dumars,1996,1997,0.9996406545477413,False
brickfr01,783,Frank Brickowski,Frank Brickowski,1996,1997,0.9996406545477413,False
scottby01,2,Byron Scott,Byron Scott,1996,1997,0.9996406545477413,False
thompla01,78,LaSalle Thompson,LaSalle Thompson,1996,1997,0.9996406545477413,False
besttr01,696,Travis Best,Travis Best,1996,1997,0.9996406545477413,False
wrighsh01,412,Sharone Wright,Sharone Wright,1996,1997,0.9996406545477413,False
thompbr01,240,Brooks Thompson,Brooks Thompson,1996,1997,0.9996406545477413,False
slatere01,1073,Reggie Slater,Reggie Slater,1996,1997,0.9996406545477413,False
rogerca01,435,Carlos Rogers,Carlos Rogers,1996,1997,0.9996406545477413,False
langan02,226,Antonio Lang,Antonio Lang,1996,1997,0.9996406545477413,False
alstode01,308,Derrick Alston,Derrick Alston,1996,1997,0.9996406545477413,False
ellisda01,107,Dale Ellis,Dale Ellis,1996,1997,0.9996406545477413,False
parisro01,305,Robert Parish,Robert Parish,1996,1997,0.9996406545477413,False
thomaku01,703,Kurt Thomas,Kurt Thomas,1996,1997,0.9996406545477413,False
piatker01,15,Eric Piatkowski,Eric Piatkowski,1996,1997,0.9996406545477413,False
benneel01,1120,Elmer Bennett,Elmer Bennett,1996,1997,0.9996406545477413,False
bakervi01,452,Vin Baker,Vin Baker,1996,1997,0.9996406545477413,False
crottjo01,180,John Crotty,John Crotty,1996,1997,0.9996406545477413,False
mooretr01,929,Tracy Moore,Tracy Moore,1996,1997,0.9996406545477413,False
anthogr01,21,Greg Anthony,Greg Anthony,1996,1997,0.9996406545477413,False
gillke01,383,Kendall Gill,Kendall Gill,1996,1997,0.9996406545477413,False
robinda01,764,David Robinson,David Robinson,1996,1997,0.9996406545477413,False
anderni01,98,Nick Anderson,Nick Anderson,1996,1997,0.9996406545477413,False
longgr01,3,Grant Long,Grant Long,1996,1997,0.9996406545477413,False
leckner01,287,Eric Leckner,Eric Leckner,1996,1997,0.9996406545477413,False
keefead01,228,Adam Keefe,Adam Keefe,1996,1997,0.9996406545477413,False
courtjo01,1432,Joe Courtney,Joe Courtney,1996,1997,0.9996406545477413,False
perryel01,386,Elliot Perry,Elliot Perry,1996,1997,0.9996406545477413,False
delebi01,183,Bison Dele,Bison Dele,1996,1997,0.9996406545477413,False
davisda01,905,Dale Davis,Dale Davis,1996,1997,0.9996406545477413,False
mitchsa01,417,Sam Mitchell,Sam Mitchell,1996,1997,0.9996406545477413,False
polynol01,178,Olden Polynice,Olden Polynice,1996,1997,0.9996406545477413,False
pippesc01,937,Scottie Pippen,Scottie Pippen,1996,1997,0.9996406545477413,False
grantho01,270,Horace Grant,Horace Grant,1996,1997,0.9996406545477413,False
rodmade01,23,Dennis Rodman,Dennis Rodman,1996,1997,0.9996406545477413,False
harpero01,166,Ron Harper,Ron Harper,1996,1997,0.9996406545477413,False
kerseje01,760,Jerome Kersey,Jerome Kersey,1996,1997,0.9996406545477413,False
jordami01,893,Michael Jordan,Michael Jordan,1996,1997,0.9996406545477413,False
threase01,9,Sedale Threatt,Sedale Threatt,1996,1997,0.9996406545477413,False
ferryda01,198,Danny Ferry,Danny Ferry,1996,1997,0.9996406545477413,False
eliema01,53,Mario Elie,Mario Elie,1996,1997,0.9996406545477413,False
hammoto01,67,Tom Hammonds,Tom Hammonds,1996,1997,0.9996406545477413,False
divacvl01,124,Vlade Divac,Vlade Divac,1996,1997,0.9996406545477413,False
perduwi01,781,Will Perdue,Will Perdue,1996,1997,0.9996406545477413,False
hawkihe01,765,Hersey Hawkins,Hersey Hawkins,1996,1997,0.9996406545477413,False
normake01,80,Ken Norman,Ken Norman,1996,1997,0.9996406545477413,False
hornaje01,204,Jeff Hornacek,Jeff Hornacek,1996,1997,0.9996406545477413,False
benjabe01,104,Benoit Benjamin,Benoit Benjamin,1996,1997,0.9996406545477413,False
roberfr01,122,Fred Roberts,Fred Roberts,1996,1997,0.9996406545477413,False
zidekge01,678,George Zídek,George Zidek,1996,1997,0.9996406545477413,False
motenla01,734,Lawrence Moten,Lawrence Moten,1996,1997,0.9996406545477413,False
davisma02,707,Mark Davis,Mark Davis,1996,1997,0.9996406545477413,False
marshdo01,923,Donyell Marshall,Donyell Marshall,1996,1997,0.9996406545477413,False
blounco01,916,Corie Blount,Corie Blount,1996,1997,0.9996406545477413,False
spencel01,771,Elmore Spencer,Elmore Spencer,1996,1997,0.9996406545477413,False
elliose01,251,Sean Elliott,Sean Elliott,1996,1997,0.9996406545477413,False
armstbj01,769,B.J. Armstrong,B.J. Armstrong,1996,1997,0.9996406545477413,False
johnske02,134,Kevin Johnson,Kevin Johnson,1996,1997,0.9996406545477413,False
brownmi01,1479,Mike Brown,Mike Brown,1996,1997,0.9996406545477413,False
oaklech01,891,Charles Oakley,Charles Oakley,1996,1997,0.9996406545477413,False
goldwan01,924,Anthony Goldwire,Anthony Goldwire,1996,1997,0.9996406545477413,False
allenje01,706,Jerome Allen,Jerome Allen,1996,1997,0.9996406545477413,False
persowe01,445,Wesley Person,Wesley Person,1996,1997,0.9996406545477413,False
murrala01,441,Lamond Murray,Lamond Murray,1996,1997,0.9996406545477413,False
hillgr01,255,Grant Hill,Grant Hill,1996,1997,0.9996406545477413,False
willilo01,31,Lorenzo Williams,Lorenzo Williams,1996,1997,0.9996406545477413,False
brownra02,753,Randy Brown,Randy Brown,1996,1997,0.9996406545477413,False
scottde01,192,Dennis Scott,Dennis Scott,1996,1997,0.9996406545477413,False
thorpot01,901,Otis Thorpe,Otis Thorpe,1996,1997,0.9996406545477413,False
obanned01,709,Ed O'Bannon,Ed O'Bannon,1996,1997,0.9996406545477413,False
garneke01,708,Kevin Garnett,Kevin Garnett,1996,1997,0.9996406545477413,False
childra01,719,Randolph Childress,Randolph Childress,1996,1997,0.9996406545477413,False
wingfdo01,112,Dontonio Wingfield,Dontonio Wingfield,1996,1997,0.9996406545477413,False
kiddja01,467,Jason Kidd,Jason Kidd,1996,1997,0.9996406545477413,False
webbech01,185,Chris Webber,Chris Webber,1996,1997,0.9996406545477413,False
radjadi01,129,Dino Radja,Dino Radja,1996,1997,0.9996406545477413,False
millsch01,168,Chris Mills,Chris Mills,1996,1997,0.9996406545477413,False
horryro01,109,Robert Horry,Robert Horry,1996,1997,0.9996406545477413,False
smithto02,380,Tony Smith,Tony Smith,1996,1997,0.9996406545477413,False
simmoli01,1489,Lionel Simmons,Lionel Simmons,1996,1997,0.9996406545477413,False
askinke01,173,Keith Askins,Keith Askins,1996,1997,0.9996406545477413,False
ricegl01,779,Glen Rice,Glen Rice,1996,1997,0.9996406545477413,False
ellispe01,442,Pervis Ellison,Pervis Ellison,1996,1997,0.9996406545477413,False
towerke01,700,Keith Tower,Keith Tower,1996,1997,0.9996406545477413,False
hurlebo01,310,Bobby Hurley,Bobby Hurley,1996,1997,0.9996406545477413,False
brownpj01,136,P.J. Brown,P.J. Brown,1996,1997,0.9996406545477413,False
williwa02,1005,Walt Williams,Walt Williams,1996,1997,0.9996406545477413,False
geigema01,761,Matt Geiger,Matt Geiger,1996,1997,0.9996406545477413,False
gatlich01,423,Chris Gatling,Chris Gatling,1996,1997,0.9996406545477413,False
jameshe01,1080,Henry James,Henry James,1996,1997,0.9996406545477413,False
fostegr01,323,Greg Foster,Greg Foster,1996,1997,0.9996406545477413,False
legleti01,100,Tim Legler,Tim Legler,1996,1997,0.9996406545477413,False
douglsh01,428,Sherman Douglas,Sherman Douglas,1996,1997,0.9996406545477413,False
grantga01,202,Gary Grant,Gary Grant,1996,1997,0.9996406545477413,False
bryanma01,95,Mark Bryant,Mark Bryant,1996,1997,0.9996406545477413,False
dudlech02,201,Chris Dudley,Chris Dudley,1996,1997,0.9996406545477413,False
duckwke01,404,Kevin Duckworth,Kevin Duckworth,1996,1997,0.9996406545477413,False
chilcpe01,432,Pete Chilcutt,Pete Chilcutt,1996,1997,0.9996406545477413,False
anderke01,72,Kenny Anderson,Kenny Anderson,1996,1997,0.9996406545477413,False
willija01,420,Jayson Williams,Jayson Williams,1996,1997,0.9996406545477413,False
vaughlo01,919,Loy Vaught,Loy Vaught,1996,1997,0.9996406545477413,False
schindw01,368,Dwayne Schintzius,Dwayne Schintzius,1996,1997,0.9996406545477413,False
colemde01,934,Derrick Coleman,Derrick Coleman,1996,1997,0.9996406545477413,False
causwdu01,190,Duane Causwell,Duane Causwell,1996,1997,0.9996406545477413,False
jacksja01,1114,Jaren Jackson,Jaren Jackson,1996,1997,0.9996406545477413,False
kerrst01,70,Steve Kerr,Steve Kerr,1996,1997,0.9996406545477413,False
ferredu01,273,Duane Ferrell,Duane Ferrell,1996,1997,0.9996406545477413,False
newmajo01,271,Johnny Newman,Johnny Newman,1996,1997,0.9996406545477413,False
mullich01,904,Chris Mullin,Chris Mullin,1996,1997,0.9996406545477413,False
vaughda02,710,David Vaughn,David Vaughn,1996,1997,0.9996406545477413,False
smithke01,181,Kenny Smith,Kenny Smith,1996,1997,0.9996406545477413,False
addisra01,912,Rafael Addison,Rafael Addison,1996,1997,0.9996406545477413,False
portete01,345,Terry Porter,Terry Porter,1996,1997,0.9996406545477413,False
barklch01,787,Charles Barkley,Charles Barkley,1996,1997,0.9996406545477413,False
willihe01,1006,Herb Williams,Herb Williams,1996,1997,0.9996406545477413,False
smithjo02,693,Joe Smith,Joe Smith,1996,1997,0.9996406545477413,False
respesh01,704,Shawn Respert,Shawn Respert,1996,1997,0.9996406545477413,False
ostergr01,731,Greg Ostertag,Greg Ostertag,1996,1997,0.9996406545477413,False
kingji02,728,Jimmy King,Jimmy King,1996,1997,0.9996406545477413,False
declean01,692,Andrew DeClercq,Andrew DeClercq,1996,1997,0.9996406545477413,False
reevekh01,234,Khalid Reeves,Khalid Reeves,1996,1997,0.9996406545477413,False
childch01,164,Chris Childs,Chris Childs,1996,1997,0.9996406545477413,False
stoudda01,757,Damon Stoudamire,Damon Stoudamire,1996,1997,0.9996406545477413,False
reiddo01,690,Don Reid,Don Reid,1996,1997,0.9996406545477413,False
roziecl01,32,Clifford Rozier,Clifford Rozier,1996,1997,0.9996406545477413,False
howarju01,436,Juwan Howard,Juwan Howard,1996,1997,0.9996406545477413,False
kukocto01,389,Toni Kukoč,Toni Kukoc,1996,1997,0.9996406545477413,False
jonespo01,461,Popeye Jones,Popeye Jones,1996,1997,0.9996406545477413,False
bradlsh01,762,Shawn Bradley,Shawn Bradley,1996,1997,0.9996406545477413,False
maybele01,195,Lee Mayberry,Lee Mayberry,1996,1997,0.9996406545477413,False
barryjo01,468,Jon Barry,Jon Barry,1996,1997,0.9996406545477413,False
roberst01,914,Stanley Roberts,Stanley Roberts,1996,1997,0.9996406545477413,False
murdoer01,785,Eric Murdock,Eric Murdock,1996,1997,0.9996406545477413,False
johnsla02,913,Larry Johnson,Larry Johnson,1996,1997,0.9996406545477413,False
augmost01,278,Stacey Augmon,Stacey Augmon,1996,1997,0.9996406545477413,False
bullama01,672,Matt Bullard,Matt Bullard,1996,1997,0.9996406545477413,False
amayaas01,732,Ashraf Amaya,Ashraf Amaya,1996,1997,0.9996406545477413,False
willimo01,42,Monty Williams,Monty Williams,1996,1997,0.9996406545477413,False
simpkdi01,54,Dickey Simpkins,Dickey Simpkins,1996,1997,0.9996406545477413,False
fishma01,900,Matt Fish,Matt Fish,1996,1997,0.9996406545477413,False
robinja02,381,James Robinson,James Robinson,1996,1997,0.9996406545477413,False
harvean01,176,Antonio Harvey,Antonio Harvey,1996,1997,0.9996406545477413,False
currymi01,688,Michael Curry,Michael Curry,1996,1997,0.9996406545477413,False
peelean01,324,Anthony Peeler,Anthony Peeler,1996,1997,0.9996406545477413,False
murratr01,145,Tracy Murray,Tracy Murray,1996,1997,0.9996406545477413,False
chrisdo01,57,Doug Christie,Doug Christie,1996,1997,0.9996406545477413,False
mutomdi01,87,Dikembe Mutombo,Dikembe Mutombo,1996,1997,0.9996406545477413,False
longllu01,26,Luc Longley,Luc Longley,1996,1997,0.9996406545477413,False
foxri01,296,Rick Fox,Rick Fox,1996,1997,0.9996406545477413,False
brandte01,210,Terrell Brandon,Terrell Brandon,1996,1997,0.9996406545477413,False
schefst01,88,Steve Scheffler,Steve Scheffler,1996,1997,0.9996406545477413,False
millste01,371,Terry Mills,Terry Mills,1996,1997,0.9996406545477413,False
bookeme01,511,Melvin Booker,Melvin Booker,1996,1997,0.9996406545477413,False
barrybr01,699,Brent Barry,Brent Barry,1996,1997,0.9996406545477413,False
wardch01,369,Charlie Ward,Charlie Ward,1996,1997,0.9996406545477413,False
tabakza01,440,Žan Tabak,Zan Tabak,1996,1997,0.9996406545477413,False
mobleer01,211,Eric Mobley,Eric Mobley,1996,1997,0.9996406545477413,False
macksa01,694,Sam Mack,Sam Mack,1996,1997,0.9996406545477413,False
hillty01,238,Tyrone Hill,Tyrone Hill,1996,1997,0.9996406545477413,False
barroda01,344,Dana Barros,Dana Barros,1996,1997,0.9996406545477413,False
richmmi01,782,Mitch Richmond,Mitch Richmond,1996,1997,0.9996406545477413,False
maxweve01,137,Vernon Maxwell,Vernon Maxwell,1996,1997,0.9996406545477413,False
grantha01,265,Harvey Grant,Harvey Grant,1996,1997,0.9996406545477413,False
andergr01,246,Greg Anderson,Greg Anderson,1996,1997,0.9996406545477413,False
wilkige01,786,Gerald Wilkins,Gerald Wilkins,1996,1997,0.9996406545477413,False
pincked01,291,Ed Pinckney,Ed Pinckney,1996,1997,0.9996406545477413,False
westma01,770,Mark West,Mark West,1996,1997,0.9996406545477413,False
johnsed03,698,Eddie Johnson,Eddie Johnson,1996,1997,0.9996406545477413,False
smithmi02,63,Michael Smith,Michael Smith,1996,1997,0.9994610786510799,False
jonesch01,279,Charles Jones,Charles Jones,1996,1997,0.9994610786510799,False
smithch02,293,Charles Smith,Charles Smith,1996,1997,0.9992815672610201,False
smithch01,293,Charles Smith,Charles Smith,1996,1997,0.9992815672610201,False
jentch01,1137,Chris Jent,Chris Jent,1994,1997,0.8674706778874826,False
wilkido01,1122,Dominique Wilkins,Dominique Wilkins,1995,1997,0.8674706778874826,False
burtowi01,416,Willie Burton,Willie Burton,1995,1997,0.8674706778874826,False
hensost01,1667,Steve Henson,Steve Henson,1995,1998,0.8674706778874826,False
rileyer01,35,Eric Riley,Eric Riley,1996,1998,0.8674706778874826,False
howarst01,1128,Stephen Howard,Stephen Howard,1994,1997,0.8674706778874826,False
cokerjo01,715,John Coker,John Coker,1996,1999,0.8674706778874826,False
bennema01,712,Mario Bennett,Mario Bennett,1996,1998,0.8674706778874826,False
mcdanxa01,1365,Xavier McDaniel,Xavier McDaniel,1995,1997,0.8674706778874826,False
webbsp01,892,Spud Webb,Spud Webb,1996,1998,0.8674706778874826,False
eacklle01,289,Ledell Eackles,Ledell Eackles,1996,1998,0.8674706778874826,False
krystla01,1474,Larry Krystkowiak,Larry Krystkowiak,1995,1997,0.8674706778874826,False
stricma01,1110,Mark Strickland,Mark Strickland,1995,1997,0.8674706778874826,False
aventan01,138,Anthony Avent,Anthony Avent,1996,1999,0.8674706778874826,False
whatlen01,941,Ennis Whatley,Ennis Whatley,1995,1997,0.8674706778874826,False
beckco01,1133,Corey Beck,Corey Beck,1996,1998,0.8674706778874826,False
dreilgr01,1068,Greg Dreiling,Greg Dreiling,1995,1997,0.8674706778874826,False
breauti01,160,Tim Breaux,Tim Breaux,1996,1998,0.8674706778874826,False
ellisha01,1677,Harold Ellis,Harold Ellis,1995,1998,0.8674706778874826,False
myerspe01,939,Pete Myers,Pete Myers,1996,1998,0.8674706778874826,False
maconma01,1855,Mark Macon,Mark Macon,1996,1999,0.8674706778874826,False
daniell01,1380,Lloyd Daniels,Lloyd Daniels,1995,1997,0.8674706778874826,False
newbiiv01,1096,Ivano Newbill,Ivano Newbill,1995,1997,0.8674706778874826,False
reidjr01,462,J.R. Reid,J.R. Reid,1996,1998,0.8674706778874826,False
curlebi01,223,Bill Curley,Bill Curley,1995,1998,0.8674706778874826,False
persoch01,456,Chuck Person,Chuck Person,1996,1998,0.8674706778874826,False
olivebr01,1680,Brian Oliver,Brian Oliver,1995,1998,0.8674706778874826,False
higgise01,925,Sean Higgins,Sean Higgins,1996,1998,0.8674706778874826,False
willimi02,52,Micheal Williams,Micheal Williams,1996,1998,0.8674706778874826,False
greenli01,1036,Litterial Green,Litterial Green,1994,1997,0.8674706778874826,False
curetea01,940,Earl Cureton,Earl Cureton,1994,1997,0.8674706778874826,False
kingch01,12,Chris King,Chris King,1996,1999,0.8674706778874826,False
williaa01,1425,Aaron Williams,Aaron Williams,1995,1997,0.8674706778874826,False
madkige01,1666,Gerald Madkins,Gerald Madkins,1995,1998,0.8674706778874826,False
chambto01,1472,Tom Chambers,Tom Chambers,1995,1997,0.8674706778874826,False
bowiean01,194,Anthony Bowie,Anthony Bowie,1996,1998,0.8674706778874826,False
stewala01,1125,Larry Stewart,Larry Stewart,1995,1997,0.8674706778874826,False
mccanbo01,737,Bob McCann,Bob McCann,1996,1998,0.8674706778874826,False
daviste01,426,Terry Davis,Terry Davis,1996,1998,0.8674706778874826,False
grayeje01,81,Jeff Grayer,Jeff Grayer,1995,1997,0.8674706778874826,False
oliveji01,1429,Jimmy Oliver,Jimmy Oliver,1994,1997,0.8674706778874826,False
benoida01,128,David Benoit,David Benoit,1996,1998,0.8674706778874826,False
jonesch01,1869,Charles Jones,Charles R. Jones,1996,1999,0.8135603753651109,False
smithmi01,63,Michael Smith,Michael Smith,1995,1997,0.8135603753651109,False
smithch01,1520,Charles Smith,Charles Smith,1996,1998,0.7659586917090866,False
smithch02,1520,Charles Smith,Charles Smith,1996,1998,0.7659586917090866,False
robinla01,1683,Larry Robinson,Larry Robinson,1994,1998,0.42408546571688754,False
amaecjo01,680,John Amaechi,John Amaechi,1996,2000,0.42408546571688754,True
knighne01,1861,Negele Knight,Negele Knight,1995,1999,0.42408546571688754,False
jordaad01,1817,Adonis Jordan,Adonis Jordan,1994,1999,0.42408546571688754,False
vinsofr01,1844,Fred Vinson,Fred Vinson,1995,2000,0.42408546571688754,False
baileth01,1847,Thurl Bailey,Thurl Bailey,1994,1999,0.42408546571688754,True
hamilth01,676,Thomas Hamilton,Thomas Hamilton,1996,2000,0.42408546571688754,False
sallejo01,927,John Salley,John Salley,1996,2000,0.42408546571688754,True
gazean01,1845,Andrew Gaze,Andrew Gaze,1994,1999,0.42408546571688754,True
shackch01,1593,Charles Shackleford,Charles Shackleford,1995,1999,0.42408546571688754,False
